Step,Action,Reward,Q[action],Average action reward,Average general reward
0,2,0.1005,0.1005,0.1005,0.1005
1,2,-0.9588,-0.4292,-0.4292,-0.4292
2,0,-1.4020,-1.4020,-1.4020,-0.7534
3,1,2.0589,2.0589,2.0589,-0.0504
4,1,1.2509,1.6549,1.6549,0.2099
5,1,1.8348,1.7149,1.7149,0.4807
6,1,3.0932,2.0595,2.0595,0.8539
7,1,3.8678,2.4211,2.4211,1.2307
8,1,1.5084,2.2690,2.2690,1.2615
9,2,-0.4329,-0.4304,-0.4304,1.0921
10,1,0.6948,2.0441,2.0441,1.0560
11,1,1.6549,1.9955,1.9955,1.1059
12,1,1.2039,1.9075,1.9075,1.1134
13,1,2.1961,1.9364,1.9364,1.1907
14,5,2.7422,2.7422,2.7422,1.2942
15,6,1.5304,1.5304,1.5304,1.3089
16,5,2.0773,2.4097,2.4097,1.3541
17,5,2.3129,2.3775,2.3775,1.4074
18,5,-0.2493,1.7208,1.7208,1.3202
19,9,0.9388,0.9388,0.9388,1.3011
20,3,-3.0410,-3.0410,-3.0410,1.0944
21,1,2.0608,1.9477,1.9477,1.1383
22,1,0.1074,1.7943,1.7943,1.0935
23,1,1.0445,1.7367,1.7367,1.0914
24,1,2.3038,1.7772,1.7772,1.1399
25,1,1.5390,1.7613,1.7613,1.1553
26,5,1.6969,1.7160,1.7160,1.1753
27,1,0.7147,1.6959,1.6959,1.1589
28,5,-0.1167,1.4105,1.4105,1.1149
29,1,2.1828,1.7245,1.7245,1.1505
30,1,1.5950,1.7173,1.7173,1.1648
31,1,2.7329,1.7708,1.7708,1.2138
32,1,1.1538,1.7399,1.7399,1.2120
33,5,2.6227,1.5837,1.5837,1.2535
34,1,2.0828,1.7563,1.7563,1.2772
35,8,3.4457,3.4457,3.4457,1.3374
36,8,-0.0380,1.7039,1.7039,1.3003
37,1,-0.7792,1.6410,1.6410,1.2455
38,8,-0.9782,0.8098,0.8098,1.1885
39,1,2.0635,1.6594,1.6594,1.2104
40,1,0.4953,1.6109,1.6109,1.1930
41,1,-0.1060,1.5422,1.5422,1.1620
42,5,1.4067,1.5616,1.5616,1.1677
43,5,0.1747,1.4075,1.4075,1.1452
44,1,0.6212,1.5068,1.5068,1.1335
45,6,-0.0506,0.7399,0.7399,1.1078
46,1,1.3992,1.5028,1.5028,1.1140
47,1,1.9142,1.5175,1.5175,1.1306
48,1,0.8695,1.4951,1.4951,1.1253
49,1,1.0976,1.4819,1.4819,1.1248
50,1,-0.0060,1.4339,1.4339,1.1026
51,1,2.4355,1.4652,1.4652,1.1282
52,1,1.1046,1.4543,1.4543,1.1278
53,1,0.4649,1.4252,1.4252,1.1155
54,1,-0.0149,1.3840,1.3840,1.0949
55,5,0.9252,1.3593,1.3593,1.0919
56,1,2.6634,1.4196,1.4196,1.1195
57,1,0.8377,1.4038,1.4038,1.1146
58,1,1.3783,1.4032,1.4032,1.1191
59,1,-0.9732,1.3422,1.3422,1.0842
60,7,-1.6021,-1.6021,-1.6021,1.0402
61,5,1.9031,1.4087,1.4087,1.0541
62,5,1.8003,1.4413,1.4413,1.0659
63,2,0.3320,-0.2398,-0.2398,1.0545
64,5,1.2453,1.4263,1.4263,1.0574
65,5,1.9265,1.4620,1.4620,1.0706
66,5,1.5759,1.4696,1.4696,1.0781
67,4,0.5588,0.5588,0.5588,1.0705
68,6,1.5380,1.0060,1.0060,1.0773
69,5,0.6917,1.4210,1.4210,1.0718
70,2,0.7970,-0.0324,-0.0324,1.0679
71,8,0.4972,0.7317,0.7317,1.0600
72,2,1.1672,0.1675,0.1675,1.0614
73,5,0.7762,1.3830,1.3830,1.0576
74,8,-0.8076,0.4238,0.4238,1.0327
75,4,-0.6439,-0.0425,-0.0425,1.0106
76,5,0.9392,1.3584,1.3584,1.0097
77,5,-0.0283,1.2854,1.2854,0.9964
78,1,2.8895,1.3809,1.3809,1.0204
79,1,1.3105,1.3792,1.3792,1.0240
80,1,-0.5864,1.3324,1.3324,1.0041
81,1,-0.9863,1.2785,1.2785,0.9798
82,5,-0.1530,1.2135,1.2135,0.9662
83,1,1.6291,1.2864,1.2864,0.9741
84,1,1.6433,1.2944,1.2944,0.9820
85,6,1.4462,1.1160,1.1160,0.9874
86,1,2.5709,1.3221,1.3221,1.0056
87,3,-1.8392,-2.4401,-2.4401,0.9732
88,8,-0.5845,0.2558,0.2558,0.9557
89,4,0.5781,0.1643,0.1643,0.9515
90,1,0.6264,1.3073,1.3073,0.9480
91,1,0.5884,1.2923,1.2923,0.9441
92,1,1.9699,1.3062,1.3062,0.9551
93,1,1.3166,1.3064,1.3064,0.9589
94,1,1.0383,1.3011,1.3011,0.9598
95,1,0.8132,1.2917,1.2917,0.9582
96,1,1.1115,1.2883,1.2883,0.9598
97,1,2.9388,1.3189,1.3189,0.9800
98,1,0.8250,1.3099,1.3099,0.9784
99,1,2.4843,1.3309,1.3309,0.9935
100,1,1.3098,1.3305,1.3305,0.9966
101,1,2.2804,1.3469,1.3469,1.0092
102,0,-0.7839,-1.0929,-1.0929,0.9918
103,1,0.7504,1.3368,1.3368,0.9895
104,9,0.7857,0.8622,0.8622,0.9876
105,1,1.5287,1.3400,1.3400,0.9927
106,1,1.3580,1.3403,1.3403,0.9961
107,1,1.0921,1.3363,1.3363,0.9970
108,1,2.6768,1.3576,1.3576,1.0124
109,1,2.6058,1.3771,1.3771,1.0269
110,1,1.9300,1.3856,1.3856,1.0350
111,1,0.4637,1.3716,1.3716,1.0299
112,1,-0.0574,1.3503,1.3503,1.0203
113,7,0.6024,-0.4998,-0.4998,1.0166
114,1,-0.4690,1.3235,1.3235,1.0037
115,1,3.1972,1.3507,1.3507,1.0226
116,1,0.9549,1.3450,1.3450,1.0220
117,6,-0.0053,0.8917,0.8917,1.0133
118,1,1.3777,1.3455,1.3455,1.0164
119,1,-0.1237,1.3251,1.3251,1.0069
120,1,1.1183,1.3222,1.3222,1.0078
121,1,0.9855,1.3177,1.3177,1.0076
122,1,1.6747,1.3225,1.3225,1.0130
123,1,2.7077,1.3407,1.3407,1.0267
124,1,0.3055,1.3272,1.3272,1.0209
125,1,1.1745,1.3253,1.3253,1.0222
126,6,0.9643,0.9038,0.9038,1.0217
127,1,0.8406,1.3191,1.3191,1.0203
128,1,1.0983,1.3164,1.3164,1.0209
129,1,1.8415,1.3229,1.3229,1.0272
130,1,-0.2535,1.3036,1.3036,1.0174
131,1,1.0018,1.3000,1.3000,1.0173
132,1,0.7364,1.2933,1.2933,1.0152
133,1,0.1909,1.2803,1.2803,1.0090
134,1,2.2145,1.2912,1.2912,1.0180
135,0,-1.0840,-1.0899,-1.0899,1.0025
136,1,2.2339,1.3020,1.3020,1.0115
137,6,0.2589,0.8117,0.8117,1.0060
138,1,0.8632,1.2970,1.2970,1.0050
139,1,2.0499,1.3055,1.3055,1.0125
140,1,0.5335,1.2969,1.2969,1.0091
141,1,0.3372,1.2864,1.2864,1.0044
142,1,0.8084,1.2812,1.2812,1.0030
143,8,1.5368,0.4388,0.4388,1.0067
144,1,1.3175,1.2816,1.2816,1.0088
145,1,1.9397,1.2886,1.2886,1.0152
146,6,2.9812,1.0829,1.0829,1.0286
147,1,1.6636,1.2925,1.2925,1.0329
148,1,0.3033,1.2822,1.2822,1.0280
149,1,2.7447,1.2973,1.2973,1.0394
150,1,0.6995,1.2912,1.2912,1.0372
151,1,2.1865,1.3002,1.3002,1.0447
152,4,-0.1029,0.0975,0.0975,1.0372
153,1,1.2903,1.3001,1.3001,1.0389
154,1,0.6998,1.2942,1.2942,1.0367
155,1,3.5104,1.3159,1.3159,1.0525
156,1,-0.2599,1.3006,1.3006,1.0442
157,7,-1.9089,-0.9695,-0.9695,1.0255
158,1,1.4674,1.3022,1.3022,1.0283
159,4,0.0530,0.0886,0.0886,1.0222
160,4,0.7120,0.1925,0.1925,1.0203
161,1,0.4395,1.2940,1.2940,1.0167
162,1,2.9203,1.3093,1.3093,1.0283
163,1,0.9833,1.3063,1.3063,1.0281
164,0,-0.5928,-0.9657,-0.9657,1.0183
165,5,1.7388,1.2385,1.2385,1.0226
166,1,0.3806,1.2977,1.2977,1.0187
167,1,1.5127,1.2997,1.2997,1.0217
168,1,1.2556,1.2993,1.2993,1.0231
169,1,-0.7553,1.2808,1.2808,1.0126
170,1,1.9958,1.2872,1.2872,1.0184
171,1,0.6055,1.2811,1.2811,1.0160
172,1,1.2825,1.2812,1.2812,1.0175
173,1,0.7793,1.2768,1.2768,1.0161
174,1,-0.7757,1.2591,1.2591,1.0059
175,1,1.1223,1.2579,1.2579,1.0066
176,1,1.9418,1.2637,1.2637,1.0118
177,1,2.7533,1.2762,1.2762,1.0216
178,1,0.0604,1.2661,1.2661,1.0163
179,5,1.7344,1.2610,1.2610,1.0202
180,4,-0.4473,0.1011,0.1011,1.0121
181,1,-0.2666,1.2534,1.2534,1.0051
182,5,0.3638,1.2220,1.2220,1.0016
183,1,1.8150,1.2580,1.2580,1.0060
184,1,0.6860,1.2534,1.2534,1.0043
185,1,2.7423,1.2654,1.2654,1.0136
186,1,1.1199,1.2642,1.2642,1.0142
187,1,0.9957,1.2621,1.2621,1.0141
188,1,-0.2373,1.2503,1.2503,1.0075
189,1,1.1320,1.2494,1.2494,1.0081
190,1,2.5423,1.2594,1.2594,1.0162
191,1,0.7788,1.2557,1.2557,1.0149
192,1,2.9009,1.2683,1.2683,1.0247
193,1,1.2966,1.2685,1.2685,1.0261
194,6,0.1647,0.9809,0.9809,1.0217
195,8,1.6467,0.5898,0.5898,1.0249
196,1,0.3674,1.2617,1.2617,1.0215
197,1,1.8535,1.2661,1.2661,1.0257
198,1,0.7872,1.2626,1.2626,1.0245
199,1,0.7855,1.2591,1.2591,1.0234
200,1,0.2770,1.2519,1.2519,1.0196
201,1,0.4716,1.2462,1.2462,1.0169
202,1,2.1982,1.2531,1.2531,1.0227
203,1,0.7593,1.2496,1.2496,1.0215
204,1,3.0803,1.2625,1.2625,1.0315
205,1,0.3217,1.2559,1.2559,1.0281
206,1,0.5804,1.2512,1.2512,1.0259
207,1,2.5766,1.2604,1.2604,1.0333
208,1,0.6889,1.2565,1.2565,1.0317
209,1,1.8676,1.2606,1.2606,1.0357
210,1,-0.1187,1.2513,1.2513,1.0302
211,1,2.4846,1.2596,1.2596,1.0371
212,1,3.1776,1.2725,1.2725,1.0471
213,9,-0.1367,0.5292,0.5292,1.0416
214,1,1.7892,1.2759,1.2759,1.0451
215,1,2.0492,1.2810,1.2810,1.0497
216,4,-0.5060,0.0252,0.0252,1.0425
217,1,2.0543,1.2861,1.2861,1.0472
218,1,0.8044,1.2830,1.2830,1.0461
219,1,1.8453,1.2866,1.2866,1.0497
220,1,0.3265,1.2804,1.2804,1.0464
221,1,0.7075,1.2768,1.2768,1.0449
222,3,-1.2206,-2.0336,-2.0336,1.0347
223,1,0.2148,1.2700,1.2700,1.0311
224,1,0.6951,1.2664,1.2664,1.0296
225,1,2.0845,1.2715,1.2715,1.0343
226,1,1.4517,1.2726,1.2726,1.0361
227,1,1.8159,1.2760,1.2760,1.0395
228,1,1.3748,1.2766,1.2766,1.0410
229,7,-3.1914,-1.5250,-1.5250,1.0226
230,1,0.5212,1.2720,1.2720,1.0204
231,1,1.3507,1.2725,1.2725,1.0218
232,1,-0.1805,1.2636,1.2636,1.0167
233,3,-3.0195,-2.2801,-2.2801,0.9994
234,1,3.1649,1.2751,1.2751,1.0086
235,1,-0.4521,1.2648,1.2648,1.0025
236,1,2.2089,1.2704,1.2704,1.0075
237,1,1.7716,1.2733,1.2733,1.0108
238,1,1.8107,1.2765,1.2765,1.0141
239,5,1.4310,1.2307,1.2307,1.0158
240,1,1.6770,1.2788,1.2788,1.0186
241,2,2.1783,0.4548,0.4548,1.0234
242,9,-1.9207,-0.0832,-0.0832,1.0113
243,1,1.0421,1.2775,1.2775,1.0114
244,1,1.8664,1.2809,1.2809,1.0149
245,1,1.7894,1.2838,1.2838,1.0180
246,1,3.4783,1.2963,1.2963,1.0280
247,1,-1.1343,1.2825,1.2825,1.0193
248,9,-1.4236,-0.3513,-0.3513,1.0095
249,1,1.5069,1.2838,1.2838,1.0114
250,0,0.3042,-0.7117,-0.7117,1.0086
251,0,-0.5272,-0.6809,-0.6809,1.0025
252,1,-0.0920,1.2761,1.2761,0.9982
253,1,1.1767,1.2755,1.2755,0.9989
254,1,0.4419,1.2709,1.2709,0.9967
255,1,1.0308,1.2696,1.2696,0.9969
256,9,-0.6825,-0.4065,-0.4065,0.9903
257,9,0.1331,-0.3294,-0.3294,0.9870
258,1,0.8212,1.2671,1.2671,0.9864
259,1,0.8693,1.2649,1.2649,0.9859
260,1,2.9091,1.2738,1.2738,0.9933
261,1,0.6737,1.2706,1.2706,0.9921
262,1,0.3676,1.2658,1.2658,0.9897
263,1,0.6252,1.2623,1.2623,0.9883
264,1,0.3245,1.2573,1.2573,0.9858
265,1,1.0813,1.2564,1.2564,0.9862
266,1,-0.2158,1.2487,1.2487,0.9817
267,1,2.3627,1.2545,1.2545,0.9868
268,1,2.4566,1.2607,1.2607,0.9923
269,1,0.5216,1.2569,1.2569,0.9905
270,1,0.9420,1.2553,1.2553,0.9903
271,1,0.6771,1.2523,1.2523,0.9892
272,1,2.4266,1.2583,1.2583,0.9945
273,1,1.3899,1.2590,1.2590,0.9959
274,1,2.0802,1.2631,1.2631,0.9998
275,1,-0.7386,1.2531,1.2531,0.9935
276,1,3.1755,1.2627,1.2627,1.0014
277,1,2.1243,1.2670,1.2670,1.0055
278,1,-0.2086,1.2597,1.2597,1.0011
279,3,-0.8436,-1.9928,-1.9928,0.9945
280,9,0.2503,-0.2570,-0.2570,0.9919
281,1,2.0811,1.2637,1.2637,0.9957
282,7,-1.0894,-1.4379,-1.4379,0.9884
283,1,1.3563,1.2642,1.2642,0.9897
284,1,1.2493,1.2641,1.2641,0.9906
285,1,1.6685,1.2661,1.2661,0.9929
286,1,1.9484,1.2694,1.2694,0.9963
287,1,0.6508,1.2664,1.2664,0.9951
288,1,1.2631,1.2664,1.2664,0.9960
289,1,1.3457,1.2667,1.2667,0.9972
290,1,1.2658,1.2667,1.2667,0.9981
291,1,0.5673,1.2634,1.2634,0.9967
292,1,-0.0419,1.2573,1.2573,0.9931
293,1,0.2968,1.2528,1.2528,0.9907
294,1,2.2192,1.2573,1.2573,0.9949
295,1,1.5199,1.2585,1.2585,0.9967
296,1,2.0075,1.2620,1.2620,1.0001
297,3,-2.3565,-2.0534,-2.0534,0.9888
298,1,-0.0627,1.2559,1.2559,0.9853
299,1,1.1236,1.2553,1.2553,0.9858
300,0,1.3898,-0.3851,-0.3851,0.9871
301,1,2.2165,1.2597,1.2597,0.9912
302,1,-1.9536,1.2451,1.2451,0.9815
303,3,-2.9119,-2.1760,-2.1760,0.9687
304,1,-0.1434,1.2389,1.2389,0.9650
305,1,1.7474,1.2412,1.2412,0.9676
306,2,0.7524,0.4920,0.4920,0.9669
307,1,0.1365,1.2362,1.2362,0.9642
308,7,-0.9163,-1.3509,-1.3509,0.9581
309,8,0.5913,0.5899,0.5899,0.9569
310,1,0.3599,1.2323,1.2323,0.9550
311,1,0.5296,1.2292,1.2292,0.9536
312,5,-0.2314,1.1722,1.1722,0.9498
313,1,1.4491,1.2302,1.2302,0.9514
314,1,2.4313,1.2355,1.2355,0.9561
315,1,0.6641,1.2330,1.2330,0.9552
316,1,1.6227,1.2347,1.2347,0.9573
317,1,-0.5519,1.2269,1.2269,0.9526
318,1,1.3240,1.2273,1.2273,0.9537
319,1,2.3229,1.2320,1.2320,0.9580
320,1,2.8170,1.2388,1.2388,0.9638
321,1,1.5193,1.2400,1.2400,0.9655
322,1,0.1481,1.2354,1.2354,0.9630
323,2,-0.0835,0.4280,0.4280,0.9598
324,1,-0.4975,1.2281,1.2281,0.9553
325,1,1.7606,1.2303,1.2303,0.9577
326,1,1.8302,1.2328,1.2328,0.9604
327,1,1.3390,1.2333,1.2333,0.9616
328,1,0.7647,1.2313,1.2313,0.9610
329,1,1.9661,1.2344,1.2344,0.9640
330,0,0.3963,-0.2874,-0.2874,0.9623
331,1,1.5199,1.2355,1.2355,0.9640
332,6,1.1571,0.9985,0.9985,0.9646
333,2,-1.2558,0.2596,0.2596,0.9579
334,1,2.7619,1.2418,1.2418,0.9633
335,1,-0.3034,1.2355,1.2355,0.9595
336,1,-0.2725,1.2294,1.2294,0.9559
337,1,0.4406,1.2262,1.2262,0.9543
338,1,1.7365,1.2282,1.2282,0.9566
339,1,0.5812,1.2256,1.2256,0.9555
340,6,2.3903,1.1250,1.1250,0.9597
341,1,1.5247,1.2268,1.2268,0.9614
342,1,0.9395,1.2257,1.2257,0.9613
343,1,0.3654,1.2223,1.2223,0.9596
344,8,0.6130,0.5923,0.5923,0.9586
345,1,1.0166,1.2214,1.2214,0.9588
346,1,0.7189,1.2195,1.2195,0.9581
347,8,1.9846,0.7188,0.7188,0.9610
348,1,2.1227,1.2230,1.2230,0.9644
349,1,0.5840,1.2205,1.2205,0.9633
350,7,-1.6847,-1.3986,-1.3986,0.9557
351,1,1.2633,1.2207,1.2207,0.9566
352,1,1.9999,1.2237,1.2237,0.9596
353,1,1.2643,1.2239,1.2239,0.9604
354,1,2.6080,1.2292,1.2292,0.9651
355,1,0.3458,1.2258,1.2258,0.9633
356,1,2.3828,1.2302,1.2302,0.9673
357,1,0.7265,1.2283,1.2283,0.9666
358,8,1.6368,0.7953,0.7953,0.9685
359,6,1.7524,1.1773,1.1773,0.9707
360,1,0.4711,1.2254,1.2254,0.9693
361,1,0.7068,1.2235,1.2235,0.9686
362,1,0.5117,1.2208,1.2208,0.9673
363,8,0.3172,0.7585,0.7585,0.9655
364,1,-0.1677,1.2156,1.2156,0.9624
365,1,3.0681,1.2225,1.2225,0.9682
366,1,0.6958,1.2205,1.2205,0.9674
367,1,0.9850,1.2197,1.2197,0.9675
368,1,1.0174,1.2189,1.2189,0.9676
369,9,-1.3671,-0.3803,-0.3803,0.9613
370,7,-0.7232,-1.3142,-1.3142,0.9568
371,1,0.6753,1.2169,1.2169,0.9560
372,7,-1.0900,-1.2893,-1.2893,0.9505
373,8,0.7514,0.7580,0.7580,0.9500
374,1,2.6921,1.2223,1.2223,0.9546
375,1,0.1724,1.2185,1.2185,0.9525
376,3,-1.4697,-2.0878,-2.0878,0.9461
377,1,2.4683,1.2230,1.2230,0.9501
378,1,-0.9931,1.2150,1.2150,0.9450
379,3,-0.9844,-1.9652,-1.9652,0.9399
380,1,0.6568,1.2130,1.2130,0.9392
381,1,3.3044,1.2205,1.2205,0.9454
382,1,2.1614,1.2239,1.2239,0.9486
383,7,-0.8489,-1.2452,-1.2452,0.9439
384,1,0.1742,1.2201,1.2201,0.9419
385,1,1.3556,1.2206,1.2206,0.9430
386,1,-0.1946,1.2156,1.2156,0.9400
387,7,1.6157,-0.9852,-0.9852,0.9418
388,1,3.1084,1.2223,1.2223,0.9473
389,1,2.0918,1.2254,1.2254,0.9503
390,1,2.2542,1.2290,1.2290,0.9536
391,3,-1.7910,-1.9477,-1.9477,0.9466
392,4,-1.1433,-0.1046,-0.1046,0.9413
393,1,3.2435,1.2360,1.2360,0.9471
394,1,2.3577,1.2399,1.2399,0.9507
395,1,1.6726,1.2414,1.2414,0.9525
396,5,2.8842,1.2381,1.2381,0.9574
397,1,2.2198,1.2448,1.2448,0.9606
398,1,3.3931,1.2522,1.2522,0.9666
399,1,2.5044,1.2565,1.2565,0.9705
400,2,0.9053,0.3183,0.3183,0.9703
401,6,2.3842,1.2701,1.2701,0.9738
402,6,-0.5119,1.1429,1.1429,0.9702
403,3,-0.5245,-1.8184,-1.8184,0.9665
404,1,1.5237,1.2574,1.2574,0.9678
405,1,1.1544,1.2571,1.2571,0.9683
406,8,-0.0132,0.7066,0.7066,0.9659
407,1,2.6578,1.2618,1.2618,0.9700
408,2,-0.1263,0.2813,0.2813,0.9674
409,1,2.8516,1.2672,1.2672,0.9719
410,2,1.0290,0.3388,0.3388,0.9721
411,1,-0.2820,1.2620,1.2620,0.9690
412,1,0.8949,1.2608,1.2608,0.9689
413,1,2.6024,1.2653,1.2653,0.9728
414,1,-0.3114,1.2600,1.2600,0.9697
415,1,1.5769,1.2611,1.2611,0.9712
416,1,-0.3420,1.2557,1.2557,0.9680
417,1,1.4427,1.2563,1.2563,0.9692
418,1,1.5710,1.2574,1.2574,0.9706
419,1,1.5886,1.2585,1.2585,0.9721
420,1,1.2117,1.2583,1.2583,0.9726
421,1,-0.3267,1.2531,1.2531,0.9696
422,1,0.9092,1.2520,1.2520,0.9694
423,1,0.0685,1.2482,1.2482,0.9673
424,1,1.1849,1.2480,1.2480,0.9678
425,0,-1.3881,-0.4097,-0.4097,0.9623
426,1,1.1637,1.2477,1.2477,0.9627
427,1,2.1945,1.2507,1.2507,0.9656
428,1,1.0452,1.2501,1.2501,0.9658
429,1,0.8615,1.2488,1.2488,0.9656
430,1,1.8678,1.2508,1.2508,0.9677
431,1,3.5249,1.2580,1.2580,0.9736
432,1,1.5935,1.2591,1.2591,0.9750
433,1,1.8918,1.2611,1.2611,0.9771
434,1,1.5359,1.2620,1.2620,0.9784
435,1,2.5742,1.2661,1.2661,0.9821
436,1,1.4683,1.2667,1.2667,0.9832
437,1,-0.0025,1.2628,1.2628,0.9809
438,5,-0.9637,1.1565,1.1565,0.9765
439,4,2.0844,0.1143,0.1143,0.9790
440,3,-0.8172,-1.7349,-1.7349,0.9749
441,9,-0.9934,-0.4416,-0.4416,0.9705
442,1,0.8464,1.2615,1.2615,0.9702
443,1,1.1999,1.2613,1.2613,0.9707
444,1,0.8562,1.2600,1.2600,0.9705
445,1,0.4148,1.2574,1.2574,0.9692
446,9,-0.2285,-0.4222,-0.4222,0.9665
447,3,-1.1882,-1.6929,-1.6929,0.9617
448,1,0.0378,1.2537,1.2537,0.9597
449,1,1.8813,1.2556,1.2556,0.9617
450,1,0.3699,1.2529,1.2529,0.9604
451,1,0.4867,1.2506,1.2506,0.9594
452,1,1.0096,1.2498,1.2498,0.9595
453,1,0.6638,1.2481,1.2481,0.9588
454,1,1.1942,1.2479,1.2479,0.9593
455,1,-0.3055,1.2432,1.2432,0.9566
456,1,1.2408,1.2432,1.2432,0.9572
457,0,-0.6320,-0.4320,-0.4320,0.9537
458,1,-0.0453,1.2394,1.2394,0.9515
459,1,1.9661,1.2415,1.2415,0.9537
460,1,-0.0136,1.2378,1.2378,0.9517
461,1,2.7804,1.2424,1.2424,0.9556
462,1,0.5706,1.2404,1.2404,0.9548
463,3,-2.4003,-1.7434,-1.7434,0.9475
464,1,0.6105,1.2386,1.2386,0.9468
465,5,0.8912,1.1471,1.1471,0.9467
466,1,1.0770,1.2381,1.2381,0.9470
467,4,-0.0215,0.1019,0.1019,0.9449
468,1,1.6723,1.2393,1.2393,0.9465
469,1,1.4312,1.2399,1.2399,0.9475
470,2,-0.2997,0.2932,0.2932,0.9448
471,1,0.7659,1.2385,1.2385,0.9445
472,1,1.7958,1.2401,1.2401,0.9463
473,2,0.8907,0.3330,0.3330,0.9461
474,1,1.0350,1.2396,1.2396,0.9463
475,1,1.2483,1.2396,1.2396,0.9470
476,1,0.0358,1.2361,1.2361,0.9451
477,1,0.8454,1.2350,1.2350,0.9449
478,1,0.7993,1.2338,1.2338,0.9445
479,1,2.1232,1.2363,1.2363,0.9470
480,1,2.8279,1.2408,1.2408,0.9509
481,1,2.0031,1.2430,1.2430,0.9531
482,1,0.1313,1.2398,1.2398,0.9514
483,1,0.6070,1.2380,1.2380,0.9507
484,1,1.4033,1.2385,1.2385,0.9516
485,1,2.9667,1.2433,1.2433,0.9558
486,7,-2.7835,-1.1350,-1.1350,0.9481
487,1,0.0654,1.2401,1.2401,0.9463
488,1,0.3113,1.2375,1.2375,0.9450
489,1,-0.0710,1.2338,1.2338,0.9429
490,7,-0.3531,-1.0749,-1.0749,0.9403
491,1,1.2219,1.2338,1.2338,0.9408
492,1,-0.1843,1.2299,1.2299,0.9386
493,1,-0.0979,1.2262,1.2262,0.9365
494,1,1.0348,1.2257,1.2257,0.9367
495,1,1.9472,1.2277,1.2277,0.9387
496,1,2.5729,1.2314,1.2314,0.9420
497,1,1.3636,1.2317,1.2317,0.9428
498,1,1.4199,1.2322,1.2322,0.9438
499,1,3.1117,1.2373,1.2373,0.9481
500,1,0.3651,1.2350,1.2350,0.9470
501,1,1.6572,1.2361,1.2361,0.9484
502,1,1.0508,1.2356,1.2356,0.9486
503,1,-0.1535,1.2319,1.2319,0.9464
504,1,1.6415,1.2330,1.2330,0.9478
505,1,1.9337,1.2348,1.2348,0.9497
506,1,-0.3546,1.2306,1.2306,0.9471
507,1,2.8746,1.2350,1.2350,0.9509
508,1,1.0157,1.2344,1.2344,0.9511
509,1,0.8098,1.2333,1.2333,0.9508
510,1,3.0096,1.2380,1.2380,0.9548
511,1,1.7420,1.2393,1.2393,0.9564
512,1,2.0916,1.2415,1.2415,0.9586
513,9,-0.6203,-0.4387,-0.4387,0.9555
514,1,3.1632,1.2465,1.2465,0.9598
515,1,-0.0321,1.2432,1.2432,0.9579
516,1,0.6939,1.2418,1.2418,0.9573
517,3,-2.1638,-1.7714,-1.7714,0.9513
518,5,0.1210,1.1117,1.1117,0.9497
519,1,1.4742,1.2424,1.2424,0.9507
520,1,1.4357,1.2429,1.2429,0.9517
521,1,1.4812,1.2435,1.2435,0.9527
522,1,2.2869,1.2462,1.2462,0.9552
523,1,2.6815,1.2498,1.2498,0.9585
524,1,0.8184,1.2487,1.2487,0.9583
525,1,0.4685,1.2468,1.2468,0.9573
526,1,3.0071,1.2512,1.2512,0.9612
527,1,0.5732,1.2495,1.2495,0.9605
528,1,1.3590,1.2498,1.2498,0.9612
529,1,1.6453,1.2508,1.2508,0.9625
530,1,2.5430,1.2540,1.2540,0.9655
531,1,1.3260,1.2542,1.2542,0.9662
532,6,1.2503,1.1500,1.1500,0.9667
533,1,3.1279,1.2589,1.2589,0.9708
534,1,0.9944,1.2583,1.2583,0.9708
535,1,1.2354,1.2582,1.2582,0.9713
536,1,2.0908,1.2603,1.2603,0.9734
537,1,1.7335,1.2614,1.2614,0.9748
538,0,0.3940,-0.3569,-0.3569,0.9737
539,9,-0.9514,-0.4782,-0.4782,0.9701
540,1,0.8985,1.2605,1.2605,0.9700
541,5,0.2682,1.0836,1.0836,0.9687
542,1,0.3583,1.2583,1.2583,0.9676
543,1,0.8394,1.2573,1.2573,0.9674
544,1,1.5964,1.2581,1.2581,0.9685
545,1,0.9284,1.2573,1.2573,0.9684
546,1,1.3188,1.2575,1.2575,0.9691
547,1,1.2076,1.2573,1.2573,0.9695
548,1,1.1067,1.2570,1.2570,0.9698
549,1,1.6202,1.2579,1.2579,0.9710
550,1,0.8752,1.2569,1.2569,0.9708
551,1,-0.1840,1.2534,1.2534,0.9687
552,1,2.9126,1.2574,1.2574,0.9722
553,1,2.2912,1.2599,1.2599,0.9746
554,7,-1.4708,-1.1032,-1.1032,0.9702
555,6,1.0818,1.1458,1.1458,0.9704
556,2,0.3608,0.3348,0.3348,0.9693
557,1,3.5859,1.2655,1.2655,0.9740
558,1,0.7484,1.2643,1.2643,0.9736
559,1,2.1313,1.2663,1.2663,0.9756
560,1,1.1209,1.2660,1.2660,0.9759
561,1,0.1673,1.2634,1.2634,0.9745
562,1,3.0914,1.2677,1.2677,0.9782
563,1,0.9107,1.2669,1.2669,0.9781
564,1,-0.0077,1.2639,1.2639,0.9764
565,1,1.1207,1.2635,1.2635,0.9766
566,1,1.5499,1.2642,1.2642,0.9776
567,1,1.0211,1.2636,1.2636,0.9777
568,1,-0.0604,1.2605,1.2605,0.9759
569,1,1.2497,1.2605,1.2605,0.9763
570,3,-1.4022,-1.7483,-1.7483,0.9722
571,1,3.1754,1.2650,1.2650,0.9760
572,2,1.3368,0.3937,0.3937,0.9767
573,1,0.3391,1.2628,1.2628,0.9756
574,1,1.8146,1.2641,1.2641,0.9770
575,1,2.7181,1.2675,1.2675,0.9800
576,8,1.7001,0.7687,0.7687,0.9813
577,1,0.0120,1.2646,1.2646,0.9796
578,1,2.0241,1.2663,1.2663,0.9814
579,1,0.6905,1.2650,1.2650,0.9809
580,1,2.1601,1.2670,1.2670,0.9829
581,1,1.7363,1.2681,1.2681,0.9842
582,4,-0.3390,0.0652,0.0652,0.9820
583,6,1.3442,1.1574,1.1574,0.9826
584,1,-0.1006,1.2650,1.2650,0.9807
585,1,2.3926,1.2676,1.2676,0.9831
586,1,-0.8697,1.2627,1.2627,0.9800
587,1,1.0602,1.2622,1.2622,0.9801
588,1,1.5603,1.2629,1.2629,0.9811
589,1,0.9990,1.2623,1.2623,0.9811
590,1,1.3652,1.2626,1.2626,0.9818
591,1,1.5310,1.2632,1.2632,0.9827
592,1,2.4595,1.2658,1.2658,0.9852
593,4,1.7037,0.1912,0.1912,0.9864
594,1,1.5933,1.2666,1.2666,0.9874
595,1,0.2749,1.2644,1.2644,0.9862
596,1,1.8392,1.2656,1.2656,0.9877
597,1,2.0462,1.2674,1.2674,0.9894
598,1,1.4336,1.2677,1.2677,0.9902
599,1,0.4665,1.2660,1.2660,0.9893
600,1,0.3679,1.2640,1.2640,0.9883
601,1,0.9607,1.2633,1.2633,0.9882
602,1,2.3032,1.2656,1.2656,0.9904
603,9,-0.6664,-0.4916,-0.4916,0.9877
604,1,-1.2758,1.2600,1.2600,0.9839
605,1,0.5631,1.2585,1.2585,0.9832
606,4,-0.1141,0.1694,0.1694,0.9814
607,1,1.1354,1.2582,1.2582,0.9817
608,1,1.1369,1.2580,1.2580,0.9819
609,1,-0.2285,1.2548,1.2548,0.9799
610,1,-1.0823,1.2497,1.2497,0.9766
611,6,0.2296,1.1059,1.1059,0.9753
612,8,-0.2542,0.7085,0.7085,0.9733
613,1,1.9188,1.2511,1.2511,0.9749
614,8,0.7246,0.7094,0.7094,0.9745
615,1,1.1841,1.2510,1.2510,0.9748
616,9,-0.6478,-0.5020,-0.5020,0.9722
617,1,0.4173,1.2492,1.2492,0.9713
618,1,1.2176,1.2491,1.2491,0.9717
619,6,1.3269,1.1175,1.1175,0.9723
620,1,-0.2936,1.2458,1.2458,0.9702
621,1,0.4732,1.2442,1.2442,0.9694
622,8,0.2453,0.6850,0.6850,0.9683
623,1,0.3803,1.2423,1.2423,0.9673
624,1,0.8859,1.2416,1.2416,0.9672
625,1,1.1776,1.2415,1.2415,0.9675
626,1,0.4024,1.2397,1.2397,0.9666
627,1,0.2260,1.2375,1.2375,0.9654
628,1,1.3590,1.2378,1.2378,0.9661
629,1,1.2481,1.2378,1.2378,0.9665
630,1,0.0940,1.2354,1.2354,0.9651
631,1,0.8464,1.2346,1.2346,0.9649
632,1,1.8854,1.2360,1.2360,0.9664
633,1,2.5006,1.2386,1.2386,0.9688
634,5,1.9100,1.1102,1.1102,0.9703
635,5,1.1347,1.1110,1.1110,0.9706
636,1,2.4794,1.2412,1.2412,0.9729
637,1,0.2363,1.2391,1.2391,0.9718
638,9,0.7291,-0.4251,-0.4251,0.9714
639,1,0.0961,1.2367,1.2367,0.9700
640,1,1.0086,1.2362,1.2362,0.9701
641,1,-0.6602,1.2323,1.2323,0.9675
642,1,1.4431,1.2328,1.2328,0.9683
643,1,0.4106,1.2311,1.2311,0.9674
644,1,-0.1014,1.2283,1.2283,0.9658
645,8,-0.1790,0.6418,0.6418,0.9640
646,1,1.8751,1.2297,1.2297,0.9654
647,6,1.3900,1.1311,1.1311,0.9661
648,1,1.4262,1.2301,1.2301,0.9668
649,1,1.4238,1.2305,1.2305,0.9675
650,5,1.0349,1.1087,1.1087,0.9676
651,1,0.0749,1.2281,1.2281,0.9662
652,1,2.0718,1.2298,1.2298,0.9679
653,1,2.8139,1.2330,1.2330,0.9707
654,1,-1.1645,1.2282,1.2282,0.9675
655,1,1.6451,1.2290,1.2290,0.9685
656,1,1.2609,1.2291,1.2291,0.9689
657,1,1.8868,1.2304,1.2304,0.9703
658,8,-0.3845,0.5929,0.5929,0.9683
659,1,1.8864,1.2317,1.2317,0.9697
660,1,0.5061,1.2303,1.2303,0.9690
661,1,1.2743,1.2304,1.2304,0.9694
662,1,2.2877,1.2325,1.2325,0.9714
663,1,2.9045,1.2358,1.2358,0.9743
664,0,-1.6274,-0.4628,-0.4628,0.9704
665,1,1.3770,1.2361,1.2361,0.9710
666,1,2.2159,1.2380,1.2380,0.9729
667,1,2.8370,1.2412,1.2412,0.9757
668,1,0.0386,1.2388,1.2388,0.9743
669,1,2.8464,1.2420,1.2420,0.9771
670,1,1.4134,1.2423,1.2423,0.9777
671,3,-0.9347,-1.7005,-1.7005,0.9749
672,1,1.5814,1.2430,1.2430,0.9758
673,1,3.0854,1.2466,1.2466,0.9789
674,1,1.6506,1.2474,1.2474,0.9799
675,1,2.2530,1.2494,1.2494,0.9818
676,1,1.3606,1.2496,1.2496,0.9823
677,7,-1.8557,-1.1533,-1.1533,0.9782
678,1,0.7074,1.2485,1.2485,0.9778
679,1,0.6725,1.2474,1.2474,0.9773
680,1,1.6410,1.2482,1.2482,0.9783
681,1,1.6205,1.2489,1.2489,0.9792
682,1,1.3832,1.2491,1.2491,0.9798
683,1,1.8424,1.2503,1.2503,0.9811
684,1,-0.3211,1.2473,1.2473,0.9792
685,6,1.1972,1.1343,1.1343,0.9795
686,1,1.7517,1.2482,1.2482,0.9806
687,1,0.1955,1.2462,1.2462,0.9795
688,1,1.1267,1.2460,1.2460,0.9797
689,1,1.6227,1.2467,1.2467,0.9806
690,1,1.2412,1.2467,1.2467,0.9810
691,1,0.3871,1.2451,1.2451,0.9801
692,1,2.1792,1.2468,1.2468,0.9819
693,1,1.8372,1.2480,1.2480,0.9831
694,1,-0.7188,1.2442,1.2442,0.9807
695,1,1.7476,1.2452,1.2452,0.9818
696,1,1.3490,1.2454,1.2454,0.9823
697,1,0.8280,1.2446,1.2446,0.9821
698,1,-1.0684,1.2403,1.2403,0.9791
699,1,1.8697,1.2414,1.2414,0.9804
700,3,-1.5939,-1.6946,-1.6946,0.9767
701,1,2.1169,1.2431,1.2431,0.9784
702,1,1.8196,1.2441,1.2441,0.9796
703,1,0.5985,1.2429,1.2429,0.9790
704,1,1.9991,1.2443,1.2443,0.9805
705,1,0.7048,1.2433,1.2433,0.9801
706,1,0.1134,1.2413,1.2413,0.9788
707,1,1.6730,1.2421,1.2421,0.9798
708,1,3.2397,1.2457,1.2457,0.9830
709,8,2.3493,0.6728,0.6728,0.9849
710,8,-1.2942,0.5873,0.5873,0.9817
711,1,0.4809,1.2443,1.2443,0.9810
712,1,0.6341,1.2432,1.2432,0.9805
713,1,-1.2995,1.2385,1.2385,0.9773
714,1,-0.7110,1.2350,1.2350,0.9750
715,1,0.8339,1.2342,1.2342,0.9748
716,1,1.7187,1.2351,1.2351,0.9758
717,1,-0.2231,1.2325,1.2325,0.9742
718,1,0.6064,1.2313,1.2313,0.9736
719,1,-1.5513,1.2263,1.2263,0.9701
720,2,0.0888,0.3768,0.3768,0.9689
721,1,0.0421,1.2241,1.2241,0.9676
722,1,1.3098,1.2243,1.2243,0.9681
723,3,-3.7808,-1.8044,-1.8044,0.9615
724,8,0.6820,0.5912,0.5912,0.9612
725,3,-4.4110,-1.9347,-1.9347,0.9538
726,1,0.8683,1.2236,1.2236,0.9536
727,8,1.4605,0.6260,0.6260,0.9543
728,1,1.8491,1.2248,1.2248,0.9556
729,2,0.7882,0.3984,0.3984,0.9553
730,6,0.3362,1.0980,1.0980,0.9545
731,1,2.0017,1.2262,1.2262,0.9559
732,1,2.1418,1.2278,1.2278,0.9575
733,1,1.3338,1.2280,1.2280,0.9581
734,1,-0.5493,1.2248,1.2248,0.9560
735,9,0.0752,-0.3957,-0.3957,0.9548
736,1,2.0417,1.2263,1.2263,0.9563
737,1,-0.0706,1.2240,1.2240,0.9549
738,1,1.9991,1.2253,1.2253,0.9563
739,1,1.8043,1.2264,1.2264,0.9574
740,0,1.1725,-0.3370,-0.3370,0.9577
741,2,0.8218,0.4196,0.4196,0.9576
742,1,1.2138,1.2264,1.2264,0.9579
743,1,1.1305,1.2262,1.2262,0.9581
744,5,0.9128,1.1029,1.1029,0.9581
745,1,0.4571,1.2248,1.2248,0.9574
746,8,-0.7142,0.5744,0.5744,0.9552
747,1,0.4992,1.2235,1.2235,0.9546
748,1,-0.9589,1.2197,1.2197,0.9520
749,1,-0.2829,1.2171,1.2171,0.9504
750,1,2.7834,1.2198,1.2198,0.9528
751,1,2.6135,1.2223,1.2223,0.9550
752,7,-1.4668,-1.1729,-1.1729,0.9518
753,1,-0.8647,1.2186,1.2186,0.9494
754,1,0.5743,1.2175,1.2175,0.9489
755,1,1.6803,1.2183,1.2183,0.9498
756,1,2.3217,1.2202,1.2202,0.9517
757,1,2.7930,1.2229,1.2229,0.9541
758,1,1.0589,1.2227,1.2227,0.9542
759,1,1.9785,1.2240,1.2240,0.9556
760,1,-0.0473,1.2218,1.2218,0.9543
761,5,-0.6640,1.0524,1.0524,0.9521
762,1,3.6106,1.2259,1.2259,0.9556
763,1,-0.2040,1.2234,1.2234,0.9541
764,1,2.6827,1.2259,1.2259,0.9564
765,1,0.4449,1.2246,1.2246,0.9557
766,3,0.4924,-1.8191,-1.8191,0.9551
767,1,1.7161,1.2254,1.2254,0.9561
768,1,-0.1619,1.2231,1.2231,0.9546
769,1,0.3162,1.2215,1.2215,0.9538
770,1,0.6305,1.2205,1.2205,0.9534
771,1,0.0317,1.2185,1.2185,0.9522
772,1,0.8998,1.2179,1.2179,0.9521
773,1,2.7967,1.2206,1.2206,0.9545
774,1,1.7278,1.2215,1.2215,0.9555
775,1,0.2997,1.2199,1.2199,0.9546
776,1,0.9023,1.2194,1.2194,0.9546
777,3,-0.6985,-1.7682,-1.7682,0.9525
778,1,0.7083,1.2185,1.2185,0.9521
779,1,1.7176,1.2194,1.2194,0.9531
780,1,1.7428,1.2202,1.2202,0.9541
781,1,2.1292,1.2218,1.2218,0.9556
782,1,0.6213,1.2208,1.2208,0.9552
783,1,-0.1010,1.2186,1.2186,0.9539
784,1,0.7847,1.2178,1.2178,0.9536
785,1,0.2941,1.2163,1.2163,0.9528
786,1,0.2373,1.2147,1.2147,0.9519
787,1,1.0044,1.2143,1.2143,0.9520
788,1,1.9676,1.2156,1.2156,0.9533
789,1,1.0064,1.2152,1.2152,0.9533
790,1,1.5172,1.2157,1.2157,0.9540
791,1,1.1151,1.2156,1.2156,0.9542
792,1,-0.4499,1.2128,1.2128,0.9525
793,1,1.2275,1.2128,1.2128,0.9528
794,1,0.8986,1.2123,1.2123,0.9527
795,1,3.0430,1.2153,1.2153,0.9554
796,1,-0.3354,1.2128,1.2128,0.9538
797,1,0.4935,1.2116,1.2116,0.9532
798,1,0.6731,1.2107,1.2107,0.9528
799,1,0.6659,1.2098,1.2098,0.9525
800,1,-0.1697,1.2076,1.2076,0.9511
801,8,0.3429,0.5659,0.5659,0.9503
802,3,-2.3291,-1.7926,-1.7926,0.9462
803,1,1.4080,1.2079,1.2079,0.9468
804,1,1.4501,1.2083,1.2083,0.9474
805,1,0.5432,1.2072,1.2072,0.9469
806,1,1.0399,1.2070,1.2070,0.9470
807,1,1.3192,1.2072,1.2072,0.9475
808,1,2.8909,1.2099,1.2099,0.9499
809,1,0.9609,1.2095,1.2095,0.9499
810,1,0.4270,1.2082,1.2082,0.9493
811,1,1.2487,1.2083,1.2083,0.9496
812,1,0.7253,1.2075,1.2075,0.9494
813,9,1.4830,-0.2913,-0.2913,0.9500
814,1,2.0020,1.2088,1.2088,0.9513
815,1,0.9921,1.2084,1.2084,0.9514
816,1,0.8293,1.2078,1.2078,0.9512
817,1,2.0763,1.2092,1.2092,0.9526
818,1,1.3216,1.2094,1.2094,0.9530
819,1,0.6858,1.2086,1.2086,0.9527
820,1,0.6615,1.2077,1.2077,0.9524
821,4,0.8652,0.2158,0.2158,0.9522
822,1,0.2351,1.2062,1.2062,0.9514
823,1,2.4959,1.2082,1.2082,0.9532
824,1,-0.2014,1.2060,1.2060,0.9519
825,1,1.6422,1.2067,1.2067,0.9527
826,1,3.0635,1.2096,1.2096,0.9552
827,0,-1.1834,-0.3974,-0.3974,0.9527
828,1,0.4075,1.2083,1.2083,0.9520
829,1,1.8342,1.2093,1.2093,0.9531
830,1,0.4692,1.2081,1.2081,0.9525
831,1,2.5723,1.2103,1.2103,0.9544
832,1,0.1103,1.2085,1.2085,0.9534
833,2,0.0769,0.4033,0.4033,0.9524
834,1,2.0933,1.2099,1.2099,0.9537
835,1,1.2106,1.2099,1.2099,0.9540
836,1,1.2247,1.2099,1.2099,0.9544
837,1,1.5688,1.2105,1.2105,0.9551
838,1,0.8099,1.2099,1.2099,0.9549
839,7,-2.9094,-1.2751,-1.2751,0.9503
840,2,-1.0743,0.3361,0.3361,0.9479
841,1,0.8358,1.2093,1.2093,0.9478
842,1,1.2413,1.2094,1.2094,0.9481
843,1,0.5761,1.2084,1.2084,0.9477
844,0,-0.5618,-0.4084,-0.4084,0.9459
845,1,1.5720,1.2089,1.2089,0.9466
846,1,1.5613,1.2095,1.2095,0.9474
847,1,2.3297,1.2112,1.2112,0.9490
848,0,-0.7751,-0.4313,-0.4313,0.9470
849,0,-1.9869,-0.5228,-0.5228,0.9435
850,5,2.6016,1.0955,1.0955,0.9455
851,1,1.8210,1.2121,1.2121,0.9465
852,1,0.6792,1.2113,1.2113,0.9462
853,1,2.7952,1.2137,1.2137,0.9483
854,1,4.1924,1.2183,1.2183,0.9521
855,8,1.6217,0.6036,0.6036,0.9529
856,1,1.6358,1.2189,1.2189,0.9537
857,6,1.5497,1.1176,1.1176,0.9544
858,1,1.8483,1.2198,1.2198,0.9554
859,1,2.1177,1.2212,1.2212,0.9568
860,1,3.1500,1.2241,1.2241,0.9593
861,1,1.7429,1.2249,1.2249,0.9603
862,1,2.4928,1.2268,1.2268,0.9620
863,1,3.1049,1.2296,1.2296,0.9645
864,8,-0.6372,0.5608,0.5608,0.9627
865,1,2.0171,1.2308,1.2308,0.9639
866,1,-0.1010,1.2288,1.2288,0.9627
867,1,2.4984,1.2307,1.2307,0.9644
868,1,2.9731,1.2333,1.2333,0.9667
869,1,0.5921,1.2324,1.2324,0.9663
870,1,-0.1788,1.2303,1.2303,0.9650
871,1,0.4151,1.2290,1.2290,0.9644
872,1,-0.2702,1.2268,1.2268,0.9629
873,1,1.4994,1.2272,1.2272,0.9636
874,1,2.5832,1.2292,1.2292,0.9654
875,1,2.5107,1.2311,1.2311,0.9672
876,1,0.6524,1.2303,1.2303,0.9668
877,1,1.4782,1.2306,1.2306,0.9674
878,1,0.7566,1.2299,1.2299,0.9672
879,6,2.3332,1.1683,1.1683,0.9687
880,1,0.6419,1.2291,1.2291,0.9683
881,1,0.9156,1.2286,1.2286,0.9683
882,1,2.6439,1.2307,1.2307,0.9702
883,1,1.5342,1.2311,1.2311,0.9708
884,1,1.6869,1.2318,1.2318,0.9716
885,1,2.6307,1.2338,1.2338,0.9735
886,1,1.8229,1.2347,1.2347,0.9745
887,1,1.2879,1.2348,1.2348,0.9748
888,1,1.6389,1.2354,1.2354,0.9756
889,5,0.9914,1.0927,1.0927,0.9756
890,1,1.7067,1.2360,1.2360,0.9764
891,1,-0.3035,1.2338,1.2338,0.9750
892,1,2.6544,1.2359,1.2359,0.9768
893,1,0.6054,1.2350,1.2350,0.9764
894,1,2.5730,1.2369,1.2369,0.9782
895,1,0.3313,1.2356,1.2356,0.9775
896,4,-0.4910,0.1716,0.1716,0.9758
897,4,2.0438,0.2818,0.2818,0.9770
898,1,-0.0673,1.2337,1.2337,0.9759
899,1,-0.3737,1.2314,1.2314,0.9744
900,1,0.9685,1.2310,1.2310,0.9744
901,1,0.9816,1.2307,1.2307,0.9744
902,1,2.8810,1.2330,1.2330,0.9765
903,1,0.3793,1.2318,1.2318,0.9758
904,1,0.9840,1.2315,1.2315,0.9758
905,1,1.0107,1.2311,1.2311,0.9759
906,1,1.6790,1.2318,1.2318,0.9766
907,1,2.3740,1.2334,1.2334,0.9782
908,1,-0.2428,1.2313,1.2313,0.9768
909,4,-0.2666,0.2513,0.2513,0.9755
910,1,2.3271,1.2329,1.2329,0.9770
911,1,0.1935,1.2314,1.2314,0.9761
912,1,0.6570,1.2306,1.2306,0.9758
913,1,-2.2168,1.2257,1.2257,0.9723
914,1,-0.3776,1.2235,1.2235,0.9708
915,1,1.9113,1.2244,1.2244,0.9718
916,1,1.5456,1.2249,1.2249,0.9724
917,8,0.3375,0.5533,0.5533,0.9717
918,1,0.1603,1.2234,1.2234,0.9709
919,1,0.3922,1.2222,1.2222,0.9702
920,1,1.0050,1.2219,1.2219,0.9703
921,4,0.3181,0.2548,0.2548,0.9696
922,1,-0.4842,1.2195,1.2195,0.9680
923,1,1.3975,1.2198,1.2198,0.9685
924,1,2.9096,1.2221,1.2221,0.9706
925,8,1.4597,0.5826,0.5826,0.9711
926,1,1.4534,1.2225,1.2225,0.9716
927,1,1.5825,1.2230,1.2230,0.9723
928,5,2.4125,1.1274,1.1274,0.9738
929,1,1.1460,1.2228,1.2228,0.9740
930,4,0.5384,0.2690,0.2690,0.9735
931,1,1.5528,1.2233,1.2233,0.9741
932,1,1.3890,1.2235,1.2235,0.9746
933,1,0.8014,1.2230,1.2230,0.9744
934,1,1.2996,1.2231,1.2231,0.9748
935,1,2.7772,1.2252,1.2252,0.9767
936,1,2.4609,1.2269,1.2269,0.9783
937,1,1.6677,1.2275,1.2275,0.9790
938,1,0.3456,1.2263,1.2263,0.9783
939,1,2.3478,1.2278,1.2278,0.9798
940,7,-0.3357,-1.2229,-1.2229,0.9784
941,1,2.6447,1.2298,1.2298,0.9802
942,1,-0.2696,1.2277,1.2277,0.9788
943,1,3.1125,1.2303,1.2303,0.9811
944,1,1.4980,1.2307,1.2307,0.9816
945,2,0.7618,0.3546,0.3546,0.9814
946,1,2.4044,1.2323,1.2323,0.9829
947,1,0.3117,1.2310,1.2310,0.9822
948,1,1.9119,1.2319,1.2319,0.9832
949,3,-1.9723,-1.8001,-1.8001,0.9801
950,1,1.3765,1.2321,1.2321,0.9805
951,1,2.5708,1.2339,1.2339,0.9822
952,1,0.2031,1.2325,1.2325,0.9813
953,1,0.5906,1.2317,1.2317,0.9809
954,1,1.1821,1.2316,1.2316,0.9811
955,1,1.4444,1.2319,1.2319,0.9816
956,1,2.7154,1.2339,1.2339,0.9834
957,1,0.8130,1.2333,1.2333,0.9833
958,1,0.9959,1.2330,1.2330,0.9833
959,1,0.7152,1.2323,1.2323,0.9830
960,1,2.6083,1.2342,1.2342,0.9847
961,1,0.8159,1.2336,1.2336,0.9845
962,8,-0.0250,0.5636,0.5636,0.9835
963,0,0.3964,-0.4717,-0.4717,0.9828
964,1,-0.5537,1.2312,1.2312,0.9813
965,1,-1.6751,1.2273,1.2273,0.9785
966,1,1.2953,1.2274,1.2274,0.9788
967,1,0.6940,1.2267,1.2267,0.9785
968,1,0.6995,1.2260,1.2260,0.9782
969,1,1.2344,1.2260,1.2260,0.9785
970,1,0.9254,1.2256,1.2256,0.9785
971,1,1.5319,1.2260,1.2260,0.9790
972,1,0.0305,1.2245,1.2245,0.9781
973,1,1.7838,1.2252,1.2252,0.9789
974,1,0.6641,1.2245,1.2245,0.9786
975,1,0.4024,1.2234,1.2234,0.9780
976,1,0.4394,1.2224,1.2224,0.9774
977,2,-0.2853,0.3280,0.3280,0.9761
978,1,1.1595,1.2223,1.2223,0.9763
979,0,0.9150,-0.3988,-0.3988,0.9762
980,1,1.4801,1.2226,1.2226,0.9768
981,1,0.9724,1.2223,1.2223,0.9768
982,1,1.6265,1.2228,1.2228,0.9774
983,1,1.3249,1.2229,1.2229,0.9778
984,1,0.7424,1.2223,1.2223,0.9775
985,1,-0.7354,1.2198,1.2198,0.9758
986,1,-0.4793,1.2176,1.2176,0.9743
987,1,1.5857,1.2180,1.2180,0.9749
988,1,2.1162,1.2192,1.2192,0.9761
989,1,1.7844,1.2199,1.2199,0.9769
990,1,1.8105,1.2207,1.2207,0.9778
991,1,1.7978,1.2214,1.2214,0.9786
992,1,2.8398,1.2235,1.2235,0.9805
993,1,2.4062,1.2251,1.2251,0.9819
994,1,0.2048,1.2237,1.2237,0.9811
995,1,0.0942,1.2223,1.2223,0.9802
996,1,0.4255,1.2213,1.2213,0.9797
997,8,0.1941,0.5524,0.5524,0.9789
998,1,1.3025,1.2214,1.2214,0.9792
999,1,1.0338,1.2211,1.2211,0.9793
